Last Name,First Name,Email,Parent1 Last Name,Parent1 First Name,Parent1 Email,Parent1 Last Name,Parent1 First Name,Parent1 Email
ln1,fn1,fn1.ln1@learnandhelp.com,P1LName ln1fn1,P2FNameln1fn1,P1_.fn1.ln1@learnandhelp.com,P2LName ln1fn1,P2FNameln1fn1,P2_.fn1.ln1@learnandhelp.com
ln2,fn2,fn2.ln2@learnandhelp.com,P1LName ln2fn2,P2FNameln2fn2,P1_.fn2.ln2@learnandhelp.com,P2LName ln2fn2,P2FNameln2fn2,P2_.fn2.ln2@learnandhelp.com
ln3,fn3,fn3.ln3@learnandhelp.com,P1LName ln3fn3,P2FNameln3fn3,P1_.fn3.ln3@learnandhelp.com,P2LName ln3fn3,P2FNameln3fn3,P2_.fn3.ln3@learnandhelp.com
ln4,fn4,fn4.ln4@learnandhelp.com,P1LName ln4fn4,P2FNameln4fn4,P1_.fn4.ln4@learnandhelp.com,P2LName ln4fn4,P2FNameln4fn4,P2_.fn4.ln4@learnandhelp.com
,fn5,fn5.ln5@learnandhelp.com,P1LName ln5fn5,P2FNameln5fn5,P1_.fn5.ln5@learnandhelp.com,P2LName ln5fn5,P2FNameln5fn5,P2_.fn5.ln5@learnandhelp.com
ln6,fn6,fn6.ln6@learnandhelp.com,P1LName ln6fn6,P2FNameln6fn6,P1_.fn6.ln6@learnandhelp.com,P2LName ln6fn6,P2FNameln6fn6,P2_.fn6.ln6@learnandhelp.com
ln7,fn7,fn7.ln7@learnandhelp.com,P1LName ln7fn7,P2FNameln7fn7,P1_.fn7.ln7@learnandhelp.com,P2LName ln7fn7,P2FNameln7fn7,P2_.fn7.ln7@learnandhelp.com
ln8,fn8,fn8.ln8@learnandhelp.com,P1LName ln8fn8,P2FNameln8fn8,P1_.fn8.ln8@learnandhelp.com,,,
ln9,fn9,fn9.ln9@learnandhelp.com,P1LName ln9fn9,P2FNameln9fn9,P1_.fn9.ln9@learnandhelp.com,,,
ln10,fn10,fn10.ln10@learnandhelp.com,P1LName ln10fn10,P2FNameln10fn10,P1_.fn10.ln10@learnandhelp.com,,,
ln11,fn11,fn11.ln11@learnandhelp.com,P1LName ln11fn11,P2FNameln11fn11,P1_.fn11.ln11@learnandhelp.com,,,
ln12,fn12,fn12.ln12@learnandhelp.com,P1LName ln12fn12,P2FNameln12fn12,P1_.fn12.ln12@learnandhelp.com,,,
ln13,fn13,fn13.ln13@learnandhelp.com,P1LName ln13fn13,P2FNameln13fn13,P1_.fn13.ln13@learnandhelp.com,,,
ln14,fn14,fn14.ln14@learnandhelp.com,,P2FNameln14fn14,P1_.fn14.ln14@learnandhelp.com,P2LName ln14fn14,P2FNameln14fn14,P2_.fn14.ln14@learnandhelp.com
ln15,fn15,fn15.ln15@learnandhelp.com,,P2FNameln15fn15,P1_.fn15.ln15@learnandhelp.com,P2LName ln15fn15,P2FNameln15fn15,P2_.fn15.ln15@learnandhelp.com
ln16,fn16,fn16.ln16@learnandhelp.com,P1LName ln16fn16,P2FNameln16fn16,P1_.fn16.ln16@learnandhelp.com,P2LName ln16fn16,P2FNameln16fn16,P2_.fn16.ln16@learnandhelp.com
ln17,fn17,fn17.ln17@learnandhelp.com,P1LName ln17fn17,P2FNameln17fn17,P1_.fn17.ln17@learnandhelp.com,P2LName ln17fn17,P2FNameln17fn17,P2_.fn17.ln17@learnandhelp.com
ln18,fn18,fn18.ln18@learnandhelp.com,P1LName ln18fn18,P2FNameln18fn18,P1_.fn18.ln18@learnandhelp.com,P2LName ln18fn18,P2FNameln18fn18,
ln19,fn19,fn19.ln19@learnandhelp.com,P1LName ln19fn19,P2FNameln19fn19,P1_.fn19.ln19@learnandhelp.com,P2LName ln19fn19,P2FNameln19fn19,
,fn20,fn20.ln20@learnandhelp.com,,P2FNameln20fn20,P1_.fn20.ln20@learnandhelp.com,,,
ln21,fn21,fn21.ln21@learnandhelp.com,,P2FNameln21fn21,P1_.fn21.ln21@learnandhelp.com,P2LName ln21fn21,P2FNameln21fn21,P2_.fn21.ln21@learnandhelp.com
ln22,fn22,fn22.ln22@learnandhelp.com,,P2FNameln22fn22,P1_.fn22.ln22@learnandhelp.com,P2LName ln22fn22,P2FNameln22fn22,P2_.fn22.ln22@learnandhelp.com
ln23,fn23,fn23.ln23@learnandhelp.com,P1LName ln23fn23,P2FNameln23fn23,P1_.fn23.ln23@learnandhelp.com,P2LName ln23fn23,P2FNameln23fn23,P2_.fn23.ln23@learnandhelp.com
ln24,fn24,fn24.ln24@learnandhelp.com,P1LName ln24fn24,P2FNameln24fn24,P1_.fn24.ln24@learnandhelp.com,P2LName ln24fn24,P2FNameln24fn24,P2_.fn24.ln24@learnandhelp.com
ln25,fn25,fn25.ln25@learnandhelp.com,P1LName ln25fn25,P2FNameln25fn25,P1_.fn25.ln25@learnandhelp.com,P2LName ln25fn25,P2FNameln25fn25,P2_.fn25.ln25@learnandhelp.com
ln26,fn26,fn26.ln26@learnandhelp.com,P1LName ln26fn26,P2FNameln26fn26,P1_.fn26.ln26@learnandhelp.com,P2LName ln26fn26,P2FNameln26fn26,P2_.fn26.ln26@learnandhelp.com
ln27,fn27,fn27.ln27@learnandhelp.com,P1LName ln27fn27,P2FNameln27fn27,P1_.fn27.ln27@learnandhelp.com,P2LName ln27fn27,P2FNameln27fn27,P2_.fn27.ln27@learnandhelp.com
ln28,fn28,fn28.ln28@learnandhelp.com,P1LName ln28fn28,P2FNameln28fn28,P1_.fn28.ln28@learnandhelp.com,P2LName ln28fn28,P2FNameln28fn28,P2_.fn28.ln28@learnandhelp.com
ln29,fn29,fn29.ln29@learnandhelp.com,P1LName ln29fn29,P2FNameln29fn29,P1_.fn29.ln29@learnandhelp.com,P2LName ln29fn29,P2FNameln29fn29,P2_.fn29.ln29@learnandhelp.com
ln30,fn30,fn30.ln30@learnandhelp.com,P1LName ln30fn30,P2FNameln30fn30,P1_.fn30.ln30@learnandhelp.com,P2LName ln30fn30,P2FNameln30fn30,P2_.fn30.ln30@learnandhelp.com
